Id,AverageHeartRate,CumulativeSteps,ActiveDistance,LightActiveDistance,Calories,MinutesAsleep
2022484408,75.66776912,11875,4.079999924,4.260000229,2390,456
2022484408,79.80613591,12019,3.090000011,5.409999847,2601,374
2022484408,73.00116399,10690,2.690000013,4.820000172,2312,474
2022484408,80.0814478,11034,2.25000006,5.78000021,2525,418
2022484408,76.84165966,10100,3.700000107,3.390000105,2177,469
2022484408,82.67843481,15112,4.529999912,6.880000114,2782,471
2022484408,80.95331127,14131,3.760000102,6.300000191,2770,408
2022484408,81.77735426,11548,3.529999956,5,2489,454
2022484408,82.60089491,15112,5.269999862,5.400000095,2897,430
2022484408,83.67590146,12453,4.439999938,4.309999943,3158,464
2022484408,79.00918917,12954,4.849999815,4.46999979,2638,474
2022484408,71.48596885,6001,0,4.210000038,2069,455
2022484408,81.57859731,13481,5.700000167,4.579999924,2529,476
2022484408,83.82769979,11369,3.549999923,4.460000038,2470,430
2022484408,81.55122825,10119,2.089999974,5.110000134,2793,458
2022484408,79.85769025,10159,2.00999999,5.119999886,2463,433
2022484408,71.31524747,10140,1.740000039,5.389999866,2296,415
2022484408,82.71012869,10245,1.690000027,5.5,2611,436
2022484408,77.55729179,18387,2.339999974,10.56999969,2732,383
2022484408,73.30616922,10538,2.900000036,4.5,2380,373
2022484408,77.59048315,10379,2.949999899,4.329999924,2473,390
2022484408,82.64995585,12183,4.450000018,4.28000021,2752,438
2022484408,81.26416134,11768,3.439999998,4.849999905,2649,450
2022484408,81.00359825,11895,3.649999976,4.699999809,2609,373
2022484408,81.31892224,10227,2.540000021,4.639999866,2498,476
2022484408,76.37612147,6708,1.690000013,3.019999981,1995,475
2022484408,85.25297478,3292,0,2.309999943,1848,453
2022484408,79.26710449,13379,3.749999881,5.639999866,2709,380
2022484408,85.17233356,12798,3.430000067,5.559999943,2797,478
2022484408,81.78537471,13272,5.329999804,3.99000001,2544,449
2022484408,80.99638819,8339,1.949999988,4.440000057,1853,476
2026352035,70.24061942,250,0,0.519999981,1214,437
2026352035,102.2378645,1276,0,3.730000019,1576,506
2026352035,80.86003439,1789,0,4.349999905,1690,511
2026352035,97.50185452,5168,0,6.599999905,1869,531
2347167796,85.51921779,10113,2.620000005,4.199999809,2344,456
2347167796,73.15038185,10352,3.600000024,3.410000086,2038,467
2347167796,71.82585319,10129,2.760000009,3.940000057,2010,445
2347167796,73.24330562,10465,1.489999957,5.429999828,2133,452
2347167796,89.39728669,22244,9.549999714,5.53000021,2670,450
2347167796,74.56871985,5472,0.359999999,3.25999999,1882,556
2347167796,70.40243225,8247,1.650000036,3.789999962,1944,500
2347167796,79.80147358,6711,0,4.440000057,2346,465
2347167796,77.34672886,10999,2.48999995,4.78000021,2198,435
2347167796,72.34346423,10080,3.379999995,3.380000114,2048,460
2347167796,71.37807385,7804,2.23999995,2.920000076,1946,405
2347167796,81.06742554,16901,4.230000019,7.150000095,2629,374
2347167796,76.37422918,9471,0,6.260000229,2187,442
2347167796,72.78157551,9482,1.789999962,4.599999905,2095,433
2347167796,71.60867852,5980,0,3.950000048,1861,436
2347167796,73.53189931,11423,2.26000002,5.320000172,2194,448
2347167796,74.52113334,5439,0,3.599999905,1854,408
2347167796,63.0116969,25,0,0.029999999,403,411
4020332650,82.89475544,8489,0.390000001,5.679999828,3654,501
4020332650,91.97955267,38,0,0.029999999,2011,257
4020332650,87.18944185,1873,0.570000008,0.769999981,2951,174
4020332650,93.33272082,1969,0.819999993,0.589999974,3051,77
4020332650,98.82608696,7,0,0.01,1990,218
4020332650,91.20366187,465,0.039999999,0.289999992,2207,286
4020332650,78.75572325,4465,0,3.150000095,2828,322
4020332650,83.71243589,10194,1.709999979,5.579999924,3879,478
4020332650,85.73905607,11713,4.299999833,4.039999962,3429,226
4020332650,75.50936186,4357,0,3.099999905,2704,385
4020332650,88.64300573,5005,0,3.579999924,2975,115
4020332650,77.40490399,5812,0,4.150000095,3089,364
4020332650,85.27481334,4556,0.32,2.940000057,2785,126
4020332650,76.9748761,5474,0,3.869999886,2926,442
4020332650,89.28360606,3663,0.280000001,2.329999924,2645,252
4020332650,87.04347826,257,0,0.409999996,1120,314
4388161847,65.99306794,5938,0.689999994,3.880000114,3092,523
4388161847,68.21024443,8863,1.200000048,5.619999886,2998,489
4388161847,66.82281972,8758,0,6.730000019,3066,499
4388161847,74.94205371,6580,0.609999999,4.449999809,3073,426
4388161847,66.12339084,4660,0,3.579999924,2572,619
4388161847,76.34299737,11009,3.959999949,5.139999866,3274,99
4388161847,64.31064874,10181,2.060000002,5.769999981,3015,329
4388161847,64.24287793,10553,2.820000052,5.289999962,3083,421
4388161847,62.37727065,10055,0.759999991,6.980000019,3069,442
4388161847,72.36766799,12139,4.409999967,4.920000076,3544,82
4388161847,65.10087862,13236,4.819999993,5.349999905,3306,478
4388161847,61.26172225,10243,1.590000033,6.300000191,2885,552
4388161847,66.53753814,12961,2.129999995,7.840000153,3288,500
4388161847,61.74480528,9461,1.99999994,5.269999981,2929,319
4388161847,61.21637003,11193,3.209999979,5.389999866,3074,439
4388161847,61.80163244,10074,1.719999969,6.03000021,2969,428
4388161847,65.76828802,9232,1.689999998,5.420000076,2979,487
4388161847,63.07512351,12533,2.699999988,6.940000057,3283,409
4388161847,59.38929893,10255,1.689999998,6.199999809,2926,547
4388161847,65.11128371,10096,3.849999979,4.550000191,3147,368
4388161847,65.58501178,12727,1.909999967,7.880000114,3290,421
4388161847,61.11847149,12375,3.719999969,5.800000191,3162,390
4388161847,60.54514777,9603,2.299999952,5.090000153,2899,471
4388161847,60.54514777,9603,2.299999952,5.090000153,2899,471
4388161847,68.20579493,13175,4.199999809,5.929999828,3425,434
4388161847,64.99383068,22770,12.21999979,5.329999924,4022,472
4388161847,69.98523556,17298,11.15000033,3.230000019,3934,529
4388161847,63.29743391,10218,1.070000023,6.789999962,3013,62
4388161847,60.08990348,10299,1.459999979,6.460000038,3061,354
4388161847,59.10099947,10201,1.319999993,6.53000021,2954,469
4388161847,61.61547768,3079,0,2.589999914,1623,511
4558609924,76.4436454,5135,0,3.390000105,1909,196
4558609924,81.8400795,4978,1.680000007,1.610000014,1722,140
4558609924,80.97917628,6799,0,4.489999771,1922,223
4558609924,83.76899994,7795,1.429999948,3.730000019,2121,161
4558609924,75.5022467,7265,1.300000012,3.5,1997,165
4558609924,82.32076916,9634,1.689999998,4.710000038,2117,110
4558609924,79.78308359,8940,1.910000026,4,2116,156
4558609924,85.03452006,5401,0.410000015,3.160000086,1876,179
4558609924,77.44392466,4803,0,3.170000076,1788,148
4558609924,83.88435709,13743,1.390000015,7.699999809,2486,126
4558609924,81.30188574,9601,2.870000005,3.470000029,2094,178
4558609924,83.55640444,6890,0.540000007,4.010000229,2085,146
4558609924,83.76698664,8553,0,5.650000095,2173,161
4558609924,81.52938075,8095,0.839999974,4.510000229,2225,156
4558609924,86.02993142,9148,2.459999979,3.589999914,2223,103
4558609924,81.59308258,9557,2.850000024,3.460000038,2098,118
4558609924,84.41111178,9451,0.29000001,5.949999809,2185,238
4558609924,76.71358648,7833,2.870000005,2.309999943,1918,171
4558609924,76.93466672,10310,2.359999985,4.460000038,2105,180
4558609924,70.91267796,3428,0,2.269999981,1692,115
4558609924,77.01953184,7891,0,5.21999979,2066,204
4558609924,75.16429839,5267,0.880000025,2.599999905,1953,158
4558609924,76.17040092,5232,0,3.460000038,1842,104
4558609924,81.71938255,10611,1.50999999,5.510000229,2262,257
4558609924,70.63868405,3755,0,2.480000019,1722,158
4558609924,76.82075208,8237,2.610000014,2.829999924,1973,253
4558609924,92.67871004,6543,2.299999952,2.019999981,2666,123
4558609924,78.84809424,11451,2.050000012,5.519999981,2223,161
4558609924,72.35862369,6435,1.860000014,2.390000105,1889,147
4558609924,74.24328008,9108,2.080000043,3.940000057,2131,146
4558609924,78.31337759,6020,0,4.170000076,1452,164
5553957443,63.80377275,11596,2.160000026,5.409999847,2026,441
5553957443,60.96440819,4832,0,3.160000086,1718,455
5553957443,67.72240339,17022,6.450000048,4.670000076,2324,357
5553957443,65.87128815,16556,6.139999866,4.710000038,2254,377
5553957443,65.58317289,5771,0,3.769999981,1831,651
5553957443,60.86471013,615,0,0.430000007,1397,350
5553957443,65.01223327,3727,0,2.430000067,1683,520
5553957443,69.33792491,15482,5.940000176,4.179999828,2284,357
5553957443,59.80718736,2713,0,1.769999981,1570,658
5553957443,66.77548193,12346,5.110000134,2.960000038,2066,399
5553957443,66.87569679,11670,2.00999999,5.599999905,2105,322
5553957443,66.64723798,4110,0,2.680000067,1776,631
5553957443,63.62990896,1807,0,1.179999948,1507,553
5553957443,68.40784071,10946,3.50000006,3.690000057,2033,433
5553957443,69.10936115,11886,3.299999893,4.460000038,2093,412
5553957443,64.29082743,10538,2.139999986,4.739999771,1922,347
5553957443,66.24353706,11393,4.460000038,3.170000076,1999,421
5553957443,68.05292442,12764,3.429999948,4.909999847,2169,450
5553957443,65.59056942,1202,0,0.779999971,1463,775
5553957443,66.31035508,5164,0,3.369999886,1747,622
5553957443,67.79652116,9769,1.469999939,4.900000095,1996,409
5553957443,67.22032652,12821,2.700000048,5.679999828,2116,380
5553957443,61.47491851,4249,0,2.769999981,1698,447
5553957443,65.96096027,14331,5.090000033,4.429999828,2156,419
5553957443,63.19877908,9135,2.060000002,4.230000019,1916,400
5553957443,63.59039127,1686,0,1.220000029,1494,442
5553957443,65.13392673,6083,0.689999998,3.299999952,1762,568
5553957443,69.24932183,11611,3.0200001,4.559999943,2272,453
5553957443,71.49362948,16315,5.4799999,5.199999809,2335,418
5553957443,64.82624696,4926,0,3.220000029,1693,463
5553957443,65.09454631,3121,0.979999989,1.059999943,741,438
5577150313,64.53452832,8135,3.9799999,2.099999905,3405,419
5577150313,57.91417384,3669,0.539999992,3.25,2551,432
5577150313,70.42080247,8596,3.639999926,2.779999971,4022,477
5577150313,69.42207102,12087,5.5200001,3.559999943,4005,392
5577150313,66.73298204,14261,7.919999838,2.730000019,4274,406
5577150313,68.90050313,12231,6.810000002,2.319999933,4552,549
5577150313,66.71937112,9893,5.580000162,1.820000052,3625,527
5577150313,69.77175129,12574,7.659999967,1.75999999,3501,449
5577150313,66.51229992,8330,4.459999889,1.75999999,3192,447
5577150313,69.05064791,10830,5.310000062,2.779999971,4018,414
5577150313,65.35760746,8700,3.210000098,3.299999952,3329,338
5577150313,64.49550578,7638,1.570000052,4.139999866,3152,384
5577150313,71.58325872,15764,9.800000191,1.980000019,4392,543
5577150313,66.46772601,6393,2.020000041,2.75999999,3374,421
5577150313,64.4877547,5325,1.5,2.470000029,3088,354
5577150313,65.22195084,6805,2.209999949,2.930000067,3294,424
5577150313,69.8190428,9841,4.419999957,3.00999999,3580,361
5577150313,64.22641049,7924,3.449999928,2.470000029,3544,459
5577150313,69.35776012,12363,6.619999945,2.609999895,4501,412
5577150313,72.14418952,13368,6.75,3.24000001,4546,379
5577150313,65.64376608,3901,1.469999999,4.070000172,3014,525
5577150313,69.10587741,11045,4.669999987,3.569999933,3795,508
5577150313,62.09251539,5206,1.809999943,2.079999924,2755,603
5577150313,71.11825715,7550,2.969999999,2.670000076,3004,74
5577150313,71.81425232,4950,2.24999994,1.450000048,2643,568
5577150313,68.25615772,3421,1.569999948,0.99000001,2489,600
5577150313,71.32638257,8869,3.309999943,3.349999905,3841,504
5577150313,65.47539995,3929,2.130000055,0.889999986,1665,431
6117666160,97.2948186,14019,0.280000001,10.30000019,2865,401
6117666160,85.94118912,14450,1.430000007,9.479999542,2828,380
6117666160,84.3852694,4987,0,5.400000095,2225,336
6117666160,83.1933071,3638,0,3.890000105,2018,493
6117666160,82.38658759,11135,0,8.409999847,2606,465
6117666160,84.56310681,10449,2.509999961,5.519999981,2536,474
6117666160,78.75868877,7476,1.380000025,5.619999886,4900,508
6117666160,81.21859769,8206,0,6.199999809,2409,480
6117666160,80.63697826,11495,0,8.680000305,2651,492
6117666160,83.03768745,6939,0,5.760000229,2305,353
6117666160,90.21556318,9543,0.340000004,6.869999886,2450,367
6117666160,82.18700321,9411,0,7.110000134,2576,542
6117666160,80.06030965,3403,0,2.599999905,1879,393
6117666160,81.21519981,9592,0,7.239999771,2560,600
6117666160,84.08290686,6987,0,5.28000021,2275,532
6117666160,78.49804577,6046,0,6.730000019,2361,507
6117666160,91.76484993,4927,0,3.730000019,2044,354
6117666160,92.72924499,2997,0,2.25999999,1902,488
6117666160,83.71360422,9799,0,7.400000095,2636,392
6117666160,74.15654235,784,0,2.680000067,1838,658
6117666160,83.2260462,7336,0,5.539999962,2469,498
6117666160,80.15495012,7328,0,5.53000021,2250,555
6117666160,73.70894787,3297,0,3.380000114,1248,492
6775888955,81.27922977,4053,1.689999998,1.220000029,2400,235
6775888955,79.35316813,5162,1.730000019,1.970000029,2507,423
6775888955,80.15839421,1282,0,0.920000017,2127,391
6775888955,94.2860863,4732,3.329999983,0.059999999,2225,386
6775888955,82.51092919,2497,1.479999989,0.310000002,2067,339
6775888955,99.41326591,8294,2.769999981,3.170000076,2798,348
6775888955,86.51388889,0,0,0,1841,285
6775888955,106.5573359,10771,5.50999999,2.220000029,3727,397
6775888955,100.1540255,637,0,0.460000008,1922,409
6775888955,97.77416395,2153,1.389999986,0.150000006,2053,290
6775888955,87.09384484,6463,2.729999989,1.899999976,2484,334
6775888955,90.57781378,7091,4.350000024,0.730000019,2584,388
6775888955,80.69158163,703,0.260000002,0.239999995,1993,323
6775888955,79.55,0,0,0,1841,286
6775888955,87.08607594,2503,0.319999993,1.480000019,2280,317
6775888955,95.1671384,2487,1.099999994,0.680000007,2319,387
6775888955,98.90497551,4642,1.400000006,1.929999948,2496,308
6775888955,98.46238627,1892,0.36999999,1.049999952,1032,207
6962181067,80.23810875,10199,4.230000079,2.50999999,1994,366
6962181067,80.18577106,5652,1.780000031,1.960000038,1718,630
6962181067,69.91428203,1551,0,1.029999971,1466,508
6962181067,71.93409089,5563,0,3.680000067,1756,370
6962181067,76.46153753,13217,3.850000083,4.880000114,2173,357
6962181067,75.03633993,10145,1.01000002,5.690000057,2027,427
6962181067,75.05614437,11404,3.220000088,4.320000172,2039,442
6962181067,75.89082599,10742,4.230000019,2.869999886,2046,476
6962181067,73.03794372,13928,4.470000207,5.090000153,2174,418
6962181067,75.76898877,11835,6.089999914,3.50999999,2179,451
6962181067,74.25108032,10725,3.319999933,3.769999981,2086,425
6962181067,78.14726651,20031,6.199999809,7.039999962,2571,528
6962181067,67.71329632,5029,0,3.319999933,1705,511
6962181067,71.94338333,13239,4.699999928,4.460000038,2194,400
6962181067,71.53395242,10433,2.999999911,3.900000095,2012,441
6962181067,72.3313086,10320,2.569999993,4.25,2034,455
6962181067,75.19076144,12627,2.749999985,5.590000153,2182,440
6962181067,78.23897852,10762,1.299999982,5.809999943,2254,433
6962181067,75.18198826,10081,3,3.670000076,2002,422
6962181067,72.24087301,5454,0,3.609999895,1740,411
6962181067,77.27861758,12912,3.200000048,5.340000153,2162,466
6962181067,73.71274331,12109,3.779999971,4.329999924,2072,394
6962181067,75.8815713,10147,2.149999946,4.550000191,2086,442
6962181067,74.86296286,10524,2.149999976,4.809999943,2066,467
6962181067,71.40166968,5908,0,3.910000086,1850,443
6962181067,76.1470343,6815,0,4.5,1947,298
6962181067,74.71204798,4188,0.519999981,2.25,1659,541
6962181067,75.67486913,12342,5.080000043,3.650000095,2105,489
6962181067,78.56296917,15448,5.220000029,4.989999771,2361,469
6962181067,74.5920154,6722,1.800000012,2.650000095,1855,452
6962181067,74.00732771,3569,0.25,2.109999895,928,516
7007744171,93.31942922,14172,4.879999995,5.409999847,2937,71
7007744171,90.09197805,12862,5.170000136,4.480000019,2742,194
7007744171,91.22039514,11179,3.290000051,4.960000038,2668,173
7007744171,84.45999934,5273,0,3.529999971,2098,157
7007744171,80.26484767,4631,0,3.099999905,2076,79
7007744171,85.56899057,8059,0,5.389999866,2383,114
7007744171,92.44962429,14816,5.909999847,5.050000191,2832,168
7007744171,92.88695332,14194,5.169999838,5.309999943,2812,148
7007744171,93.48556965,15566,5.459999979,5.860000134,3096,183
7007744171,90.94326669,13744,4.0200001,5.170000076,2763,196
7007744171,91.93423389,15299,5.859999895,4.369999886,2889,125
7007744171,92.05877815,8093,1.25999999,4.150000095,2284,89
7007744171,97.56553516,11085,0,7.420000076,2667,80
7007744171,93.58580418,18229,5.679999948,7.670000076,3055,73
7007744171,88.43642735,15090,1.870000005,8.229999542,2939,141
7007744171,94.27004024,13541,4.930000007,5.289999962,2830,104
7007744171,88.49243997,15128,1.860000014,8.260000229,2836,50
7007744171,93.42893453,20067,6.359999895,7.949999809,3180,173
7007744171,79.88535628,3761,0,2.519999981,2051,198
7007744171,84.87594002,5600,0,3.75,2225,58
7007744171,84.76595817,13041,5.339999855,3.829999924,2642,119
7007744171,92.89006092,14510,5.5,5.360000134,2976,110
7007744171,97.05416434,15010,5.619999886,5.480000019,2933,157
7007744171,86.16138162,11459,3.810000002,3.859999895,2553,69
8792009665,68.58713359,2556,0,1.639999986,2044,458
8792009665,68.23973943,1320,0,0.839999974,1934,531
8792009665,68.97239994,1219,0,0.779999971,1963,486
8792009665,66.86516184,673,0,1.590000033,2009,363
8792009665,68.78399923,3147,0.280000001,1.74000001,2188,528
8792009665,75.32962963,144,0,0.090000004,1720,325
8792009665,69.672341,4068,0.330000002,2.269999981,2419,391
8792009665,76.95202738,5245,0.599999994,2.75,2748,339
8792009665,76.87804217,400,0.09,0.159999996,1799,485
8792009665,69.56930674,1321,0,0.850000024,1928,454
8792009665,69.14529579,1758,0,1.129999995,2067,423
8792009665,74.99673854,6157,0,3.940000057,2780,402
8792009665,79.3279663,8360,0.420000002,4.929999828,3101,398
8792009665,80.06352033,7174,0.690000027,3.910000086,2896,343
8792009665,67.53583968,1619,0,1.039999962,1962,503
8792009665,67.13582997,1831,0,1.169999957,2015,415
8792009665,73.31079673,2421,0,1.549999952,2297,516
8792009665,74.93169848,636,0,1.460000038,2067,439
8877689391,79.09470044,23186,12.56000027,7.820000172,3921,458
8877689391,75.27743625,15337,3.929999948,5.639999866,3566,376
8877689391,77.58267271,21071,11.14000016,7.75,3793,343
8877689391,79.46385632,13375,0.100000002,7.010000229,3934,300
8877689391,85.87397667,29204,14.44999981,10.71000004,4547,311
8877689391,76.36546919,15118,0.07,8.789999962,3545,318
8877689391,66.82564224,11409,2.710000068,5.940000057,2761,468
8877689391,76.54406701,18748,12.32999963,5.03000021,3676,413
8877689391,77.52929684,19881,11.71000046,6.340000153,3679,402
8877689391,80.06630696,19377,12.70999995,4.889999866,3659,480
8877689391,75.75721321,18225,10.25999954,5.96999979,3427,396
8877689391,80.99361202,11191,0,7.400000095,3891,490
8877689391,78.43794468,16660,11.02000023,4.690000057,3455,400
8877689391,78.34720978,12957,2.439999886,6.269999981,3802,442
8877689391,67.92552643,11070,1.889999986,6.5,2860,338
8877689391,77.40788536,23603,13.50999969,7.099999905,3808,357
8877689391,67.30070309,14885,5.309999824,5.96999979,3060,324
8877689391,65.18300398,9700,1.549999997,5.789999962,2698,481
8877689391,86.05292922,27710,21.73999985,4.929999828,4398,415
8877689391,71.80217299,10890,3.700000107,4.570000172,2786,325
8877689391,68.57023956,4699,0,3.559999943,2189,479
8877689391,68.35466631,10791,1.489999987,6.670000076,2817,357
8877689391,78.7614082,18165,10.73000008,5.53000021,3477,418
8877689391,71.98294926,14055,6.280000031,4.369999886,3052,313
8877689391,83.58319106,21622,13.07999995,6.159999847,4015,416
8877689391,87.22260756,12212,1.039999977,6.989999771,4142,498
8877689391,72.9427163,10665,1.280000046,6.800000191,2847,409
8877689391,82.90596921,20156,11.90000039,6.239999771,3710,351
8877689391,72.07845092,10693,1.810000032,6.28000021,2832,426
8877689391,80.5570377,21391,13.63000026,5.889999866,3832,349
8877689391,72.27969408,7577,1.860000052,4.25,1849,436
8877689391,41,8859,10,0,2051,281
8877689391,37,8884,13,10,2758,309
8877689391,43,9175,9,8,1218,551
8877689391,41,9926,11,10,3657,539
8877689391,33,9817,5,6,3924,189
8877689391,23,8259,6,10,3429,270
8877689391,34,7974,10,2,2719,418
8877689391,37,9118,12,1,1018,358
8877689391,40,8488,8,4,3121,129
8877689391,24,10419,11,0,1220,403
8877689391,29,10392,3,1,3244,299
8877689391,40,10607,9,10,2286,523
8877689391,33,9559,12,3,2213,530
8877689391,39,12067,2,10,1757,309
8877689391,21,8705,5,10,2062,130
8877689391,33,10598,9,2,1146,390
8877689391,30,8923,3,1,3808,581
8877689391,23,12368,11,4,1741,195
8877689391,29,11623,9,4,1088,338
8877689391,26,9313,7,0,2141,276
8877689391,30,11407,8,7,1135,359
8877689391,25,10093,4,2,2454,429
8877689391,27,10345,12,6,3206,594
8877689391,23,8608,4,2,1282,242
8877689391,25,10304,8,4,1209,180
8877689391,36,7560,4,8,2118,127
8877689391,37,8797,10,8,1314,148
8877689391,38,9147,9,3,3079,453
8877689391,27,10923,12,8,1311,453
8877689391,23,9547,6,6,1519,532
8877689391,25,11934,8,4,3655,441
8877689391,44,8149,2,3,1061,304
8877689391,31,10022,13,3,3091,150
8877689391,30,11444,1,0,3578,267
8877689391,25,8880,7,2,3729,262
8877689391,28,11214,2,9,3385,208
8877689391,43,10321,7,6,2369,470
8877689391,25,10909,13,6,2943,332
8877689391,22,10656,6,2,2796,306
8877689391,29,10496,13,9,2117,433
8877689391,22,9219,12,10,3971,197
8877689391,29,11234,9,10,1217,502
8877689391,42,10449,3,9,3431,498
8877689391,31,11793,12,5,2559,301
8877689391,36,8498,4,8,2411,393
8877689391,34,12399,4,5,2976,306
8877689391,44,7676,7,0,3906,569
8877689391,30,9732,8,2,1125,457
8877689391,34,12059,1,9,3161,595
8877689391,38,7556,2,9,2427,136
8877689391,27,10589,8,9,3409,143
8877689391,24,8277,1,10,3237,391
8877689391,30,11656,4,5,1426,338
8877689391,27,8297,8,7,1372,461
8877689391,39,10795,8,3,3056,563
8877689391,24,8287,12,0,2066,401
8877689391,27,11224,2,10,3945,279
8877689391,22,11589,7,7,3945,455
8877689391,44,11889,3,9,2563,367
8877689391,20,9659,9,2,3078,169
8877689391,44,8595,5,8,2208,495
8877689391,20,9721,3,4,3604,534
8877689391,31,8291,10,8,2144,575
8877689391,22,7903,1,3,2883,519
8877689391,24,9341,8,2,2795,442
8877689391,42,11940,8,7,2919,515
8877689391,32,9552,12,5,2733,171
8877689391,33,8651,13,2,1197,134
8877689391,20,11012,6,4,3047,234
8877689391,42,7716,8,8,2803,149
8877689391,24,9608,9,5,3027,409
8877689391,26,8706,1,9,2507,352
8877689391,24,12286,5,5,2317,237
8877689391,44,11734,9,9,1127,578
8877689391,37,9888,1,8,1114,341
8877689391,41,8694,1,10,2449,345
8877689391,36,10375,7,5,1265,286
8877689391,31,9782,4,2,2973,380
8877689391,26,9789,9,1,3481,368
8877689391,41,10312,13,3,2935,511
8877689391,34,11601,10,10,1316,578
8877689391,41,7669,5,4,1220,300
8877689391,39,7713,11,5,1150,216
8877689391,43,10445,12,2,3660,412
8877689391,43,9226,5,0,3374,542
8877689391,38,12200,12,7,1686,192
8877689391,42,10786,7,1,1486,129
8877689391,30,10136,8,3,2810,404
8877689391,23,9445,8,1,3177,455
8877689391,32,9011,9,2,3651,577
8877689391,22,11420,7,10,3757,549
8877689391,29,8522,7,1,3612,265
8877689391,43,10977,12,8,2390,515
8877689391,23,11762,4,4,1327,525
8877689391,22,9044,7,10,3058,167
8877689391,20,10339,2,8,3711,156
8877689391,38,10814,10,8,3451,584
8877689391,31,10781,12,10,1647,235
8877689391,21,10746,11,10,1491,380
8877689391,26,10566,6,7,1375,392
8877689391,42,8531,10,9,3624,531
8877689391,39,11777,13,9,1598,566
8877689391,38,10014,1,1,2589,466
8877689391,27,11078,2,3,3096,189
8877689391,29,8973,4,10,2341,475
8877689391,42,11607,5,7,2399,555
8877689391,21,8498,11,8,2026,490
8877689391,36,11920,4,0,2285,362
8877689391,27,8329,3,6,3965,365
8877689391,24,8463,6,8,1837,212
8877689391,38,11478,11,2,1460,465
8877689391,25,8999,13,0,2595,226
8877689391,27,11310,9,4,1494,127
8877689391,32,7995,5,4,1313,420
8877689391,38,8764,12,9,3007,154
8877689391,28,10469,3,4,3664,336
8877689391,28,7633,7,7,1456,335
8877689391,33,10088,3,8,3385,218
8877689391,34,8836,7,2,2390,504
8877689391,31,11131,13,9,1110,555
8877689391,30,9075,8,4,2255,375
8877689391,44,7993,5,1,1994,579
8877689391,44,10375,6,9,3187,469
8877689391,24,12450,6,9,2094,302
8877689391,30,9133,7,4,1726,404
8877689391,27,12473,1,4,3019,328
8877689391,23,11747,3,1,1739,298
8877689391,35,10624,11,9,2913,343
8877689391,39,10696,12,0,2325,366
8877689391,36,8498,9,0,1330,557
8877689391,38,10637,1,4,3417,271
8877689391,22,11284,8,6,1834,528
8877689391,41,8226,13,2,3533,596
8877689391,20,10721,8,1,2228,132
8877689391,34,7772,3,5,2770,235
8877689391,40,11995,4,9,2694,409
8877689391,22,9649,12,5,3470,348
8877689391,33,11692,13,3,3824,213
8877689391,40,10606,1,6,2852,554
8877689391,32,7721,10,6,1679,121
8877689391,25,9521,7,5,3496,437
8877689391,32,8286,4,8,3820,265
8877689391,40,9909,7,9,1587,313
8877689391,21,9810,1,9,3267,203
8877689391,23,9073,4,8,1718,334
8877689391,27,12328,9,3,1045,280
8877689391,31,9423,2,5,2484,272
8877689391,39,10854,4,6,1358,339
8877689391,25,10426,1,1,3790,510
8877689391,37,10743,10,2,1134,303
8877689391,25,11169,8,4,3229,335
8877689391,34,10987,10,5,2364,468
8877689391,24,11592,2,5,1190,186
8877689391,24,8888,11,0,2864,196
8877689391,44,11477,3,2,1861,180
8877689391,23,10810,5,5,3288,148
8877689391,22,10891,7,2,1353,201
8877689391,41,7876,5,2,1877,347
8877689391,37,10583,8,4,3149,283
8877689391,33,12131,11,1,2735,147
8877689391,20,9057,3,1,3503,547
8877689391,36,7822,4,4,3821,306
8877689391,37,11418,1,3,2582,212
8877689391,38,10155,12,2,1253,526
8877689391,36,9629,8,3,3899,275
8877689391,20,8944,1,7,3330,465
8877689391,30,11290,7,2,2076,375
8877689391,36,9585,3,7,1494,218
8877689391,26,8155,5,8,3400,345
8877689391,35,11362,9,3,2798,240
8877689391,31,8291,3,5,2935,575
8877689391,25,12322,10,3,2342,456
8877689391,26,8418,3,1,1768,261
8877689391,34,12238,12,4,1442,442
8877689391,37,7595,13,10,2961,471
8877689391,40,11126,6,0,2414,349
8877689391,31,9099,6,0,1031,134
8877689391,20,10665,11,6,2863,313
8877689391,30,11307,5,5,1787,484
8877689391,44,11616,12,7,3211,370
8877689391,40,12296,8,10,2432,491
8877689391,23,11293,8,4,3086,486
8877689391,39,9143,10,4,2511,496
8877689391,23,9477,11,0,2612,357
8877689391,43,10854,3,5,3058,497
8877689391,32,12254,8,3,2922,406
8877689391,44,11022,5,0,3572,124
8877689391,31,10588,6,0,1493,558
8877689391,34,9742,5,1,1170,454
8877689391,42,11373,3,10,2465,285
8877689391,30,11611,12,4,2536,321
8877689391,22,9057,12,0,1834,300
8877689391,44,7605,5,9,3479,237
8877689391,37,12005,7,0,2585,509
8877689391,25,10944,10,6,1980,495
8877689391,37,11835,6,2,3950,464
8877689391,20,8171,3,7,2226,187
8877689391,23,11087,5,0,3453,204
8877689391,30,9545,11,1,1080,555
8877689391,38,8652,11,0,2287,351
8877689391,35,12427,13,4,1874,141
8877689391,33,12169,9,0,3349,529
8877689391,37,10835,6,2,1723,250
8877689391,42,7521,7,1,2650,540
8877689391,20,11330,2,10,1480,452
8877689391,29,10243,7,10,2362,320
8877689391,44,8260,8,2,2081,512
8877689391,44,8932,13,5,3710,292
8877689391,44,10360,6,3,3463,462
8877689391,27,8160,5,5,2022,412
8877689391,25,9234,10,9,3455,266
8877689391,32,11182,13,1,2298,337
8877689391,38,11415,11,6,1440,470
8877689391,35,11323,1,2,2419,370
8877689391,30,7927,3,1,2027,334
8877689391,44,9985,10,1,2138,521
8877689391,37,9348,9,2,3151,563
8877689391,29,8107,1,9,2999,338
8877689391,27,8960,10,10,3722,403
8877689391,21,7602,9,10,2491,516
8877689391,22,10011,6,6,1080,292
8877689391,43,8170,4,4,2939,402
8877689391,23,9249,10,1,2851,425
8877689391,31,10299,9,0,1563,304
8877689391,31,8750,4,1,1490,147
8877689391,26,9401,11,5,1783,370
8877689391,41,10630,7,7,2542,402
8877689391,27,7811,3,3,1510,282
8877689391,26,8167,12,2,2827,543
8877689391,25,11767,1,6,2982,138
8877689391,37,11379,8,3,2031,580
8877689391,33,9862,8,2,3435,211
8877689391,37,11382,12,4,2209,192
8877689391,37,7727,12,5,3896,508
8877689391,44,10438,1,3,2969,179
8877689391,34,7523,8,3,1958,572
8877689391,36,12196,10,6,1740,131
8877689391,29,9206,7,3,2986,463
8877689391,21,8956,10,4,1641,409
8877689391,24,11314,6,5,2695,402
8877689391,42,11286,2,7,1733,370
8877689391,36,10322,11,5,3049,285
8877689391,42,9747,4,5,2744,181
8877689391,22,8546,8,8,2312,425
8877689391,38,8039,8,10,3681,298
8877689391,25,8230,2,3,3644,475
8877689391,27,11426,6,0,3825,300
8877689391,27,9316,4,0,1814,471
8877689391,33,10701,8,2,2878,436
8877689391,43,11442,5,10,2236,556
8877689391,44,10227,1,7,2896,174
8877689391,29,8968,13,0,1229,459
8877689391,32,8262,2,4,2990,440
8877689391,37,10944,5,1,2042,479
8877689391,33,9020,10,5,2916,426
8877689391,41,9572,13,1,1007,476
8877689391,37,10926,10,2,1613,209
8877689391,20,9286,3,1,3107,588
8877689391,39,9590,10,3,1886,265
8877689391,36,9182,7,9,3172,156
8877689391,35,12029,4,6,1007,581
8877689391,36,11560,10,10,3816,276
8877689391,30,11052,6,3,3207,184
8877689391,27,10178,8,6,1593,429
8877689391,39,8043,6,8,1570,590
8877689391,28,9850,11,3,3774,560
8877689391,35,9171,8,4,1672,357
8877689391,36,12036,9,4,2670,260
8877689391,41,9622,8,7,3439,479
8877689391,36,9304,3,2,1827,482
8877689391,30,8420,7,7,2071,125
8877689391,39,9212,8,2,3191,521
8877689391,39,10703,3,2,3729,463
8877689391,38,9463,7,0,3941,429
8877689391,29,10886,2,10,1769,160
8877689391,37,11668,12,2,3311,566
8877689391,41,9358,6,4,1381,410
8877689391,37,8829,12,4,1650,322
8877689391,32,8457,10,4,1937,354
8877689391,40,8759,6,3,3198,577
8877689391,44,8429,5,4,3420,346
8877689391,36,8991,1,2,1978,203
8877689391,27,12331,1,4,3187,527
8877689391,43,11819,7,10,2267,335
8877689391,28,10963,11,7,1551,567
8877689391,28,11761,9,4,3841,350
8877689391,28,11534,10,0,1338,585
8877689391,32,11787,4,4,1762,260
8877689391,32,10151,7,6,3594,188
8877689391,27,8937,1,1,2350,526
8877689391,28,10041,4,6,2841,295
8877689391,24,10686,8,3,3940,512
8877689391,22,10746,4,4,1000,517
8877689391,28,9236,1,5,3786,412
8877689391,36,10048,7,3,3019,393
8877689391,44,9542,5,8,1184,235
8877689391,25,8922,11,0,3001,500
8877689391,27,10941,10,8,1500,194
8877689391,37,12184,10,5,1785,228
8877689391,22,10609,13,6,1046,301
8877689391,31,10164,12,9,3365,226
8877689391,20,11537,7,2,1625,596
8877689391,35,11696,13,1,2824,280
8877689391,35,8410,3,3,1456,267
8877689391,44,10029,10,3,2707,212
8877689391,44,12404,4,8,2124,328
8877689391,25,8203,4,3,3383,305
8877689391,23,12132,11,0,3223,507
8877689391,41,10593,11,9,3447,479
8877689391,30,12210,8,6,3510,506
8877689391,30,10180,1,1,1866,433
8877689391,41,11396,9,2,3380,473
8877689391,29,10947,6,3,3123,208
8877689391,37,12236,7,10,1420,529
8877689391,40,9181,7,8,2268,265
8877689391,35,8267,10,4,1963,188
8877689391,29,8392,8,4,2660,130
8877689391,39,10249,8,9,2209,549
8877689391,34,7733,11,4,1181,399
8877689391,22,10665,9,5,1475,511
8877689391,36,7852,3,6,3444,421
8877689391,37,11953,10,10,1749,329
8877689391,20,8942,4,6,1697,478
8877689391,27,10980,1,6,1477,229
8877689391,29,10606,5,2,1644,254
8877689391,27,10232,6,4,3839,322
8877689391,23,10121,11,4,1865,196
8877689391,40,8812,5,7,3616,259
8877689391,43,9650,7,3,1193,132
8877689391,31,7628,7,7,2796,180
8877689391,40,12168,2,2,1655,302
8877689391,104,8222,11,1,2780,141
8877689391,107,7867,4,9,1080,399
8877689391,104,11514,3,4,3202,408
8877689391,116,10996,11,0,1424,541
8877689391,120,7788,5,8,1095,405
8877689391,92,11716,1,1,2268,190
8877689391,89,9420,8,1,1163,139
8877689391,108,12039,8,0,2817,374
8877689391,112,11049,3,4,3099,488
8877689391,116,12341,10,6,3511,589
8877689391,94,8844,12,7,3021,544
8877689391,86,8769,11,2,1810,541
8877689391,91,10657,3,10,2578,467
8877689391,100,7820,6,5,1659,208
8877689391,117,11674,3,10,2999,347
8877689391,87,11175,3,3,3213,474
8877689391,120,11623,8,2,1417,378
8877689391,94,9806,4,9,3699,299
8877689391,89,8011,13,8,2069,201
8877689391,95,10377,4,5,3378,408
8877689391,91,7617,4,4,3126,599
8877689391,116,9929,2,9,3776,267
8877689391,84,7834,8,8,2059,259
8877689391,103,10894,5,2,1221,122
8877689391,89,9164,10,1,1724,261
8877689391,93,11171,2,5,3819,137
8877689391,91,11390,10,1,3954,562
8877689391,107,7598,10,0,1739,550
8877689391,119,8946,3,5,3254,148
8877689391,94,11854,13,8,2021,425
8877689391,120,10654,9,6,2348,482
8877689391,99,10061,9,9,1229,522
8877689391,118,12131,9,8,3300,179
8877689391,85,10047,13,3,3536,539
8877689391,97,9501,3,1,3074,226
8877689391,112,7813,9,9,2257,523
8877689391,115,8815,1,4,1720,506
8877689391,108,8941,12,4,3060,591
8877689391,106,9441,7,2,3215,578
8877689391,113,11041,1,5,1064,340
8877689391,111,11206,6,2,1114,588
8877689391,91,9182,12,8,2745,598
8877689391,94,10940,13,2,1014,221
8877689391,93,12345,8,0,1643,494
8877689391,110,10135,9,9,3488,184
8877689391,98,12271,1,8,1923,548
8877689391,110,12328,6,1,3534,284
8877689391,95,11529,6,1,1072,539
8877689391,117,8858,13,8,2160,484
8877689391,111,9844,10,1,1529,232
8877689391,84,9300,8,1,2378,313
8877689391,98,11784,3,2,3899,285
8877689391,111,11860,3,3,1057,459
8877689391,104,12071,9,7,3894,530
8877689391,99,7807,3,9,1385,163
8877689391,92,12282,13,7,3418,400
8877689391,87,7563,8,6,1279,164
8877689391,116,9496,2,4,3628,376
8877689391,106,11938,5,2,2822,510
8877689391,120,8935,13,3,3578,332
8877689391,99,11435,13,8,2144,158
8877689391,86,11289,1,5,3813,450
8877689391,89,11015,1,0,2335,232
8877689391,92,12003,8,1,3993,197
8877689391,119,9953,7,1,1845,247
8877689391,113,9334,1,3,3446,319
8877689391,103,11715,3,9,3821,568
8877689391,86,11289,6,6,2110,347
8877689391,99,11302,6,2,3358,564
8877689391,105,11547,7,6,2248,338
8877689391,95,11507,11,5,2228,517
8877689391,82,11930,4,3,1018,600
8877689391,84,10473,9,1,2325,200
8877689391,106,9518,13,3,3417,596
8877689391,109,9050,8,7,2399,569
8877689391,90,11147,13,8,3645,253
8877689391,98,9643,4,3,2374,215
8877689391,119,9933,6,9,3682,348
8877689391,114,10511,6,6,1126,405
8877689391,105,8863,13,5,3198,550
8877689391,91,9323,4,8,2591,242
8877689391,91,11192,10,10,1245,198
8877689391,85,7932,12,8,3861,458
8877689391,99,7820,9,6,3671,403
8877689391,88,11794,6,10,3770,339
8877689391,89,11327,8,5,2629,227
8877689391,107,11896,13,1,3768,498
8877689391,108,11671,1,10,3037,289
8877689391,112,10757,13,5,3531,507
8877689391,113,10609,7,8,1328,120
8877689391,103,10719,5,5,1269,365
8877689391,88,7514,12,9,2373,584
8877689391,98,9991,8,7,1485,458
8877689391,113,12218,2,0,3376,215
8877689391,96,12342,12,7,1689,229
8877689391,115,7549,7,5,1678,465
8877689391,90,9012,4,5,1279,134
8877689391,103,11951,9,3,3402,335
8877689391,94,7866,4,5,1189,344
8877689391,92,7823,1,10,3465,340
8877689391,116,10391,3,9,2607,333
8877689391,87,8240,9,2,2732,169
8877689391,105,12460,3,6,1911,480
8877689391,116,10529,1,5,1352,371
8877689391,89,11455,4,10,2165,504
8877689391,99,11681,6,6,3197,513
8877689391,84,9929,7,3,1961,162
8877689391,118,9963,13,0,1979,385
8877689391,114,7523,10,8,1922,526
8877689391,109,8857,2,3,3980,521
8877689391,89,11836,2,1,2799,370
8877689391,117,11029,9,5,2311,448
8877689391,88,9712,12,4,1175,132
8877689391,116,8497,8,1,1660,497
8877689391,111,10461,10,5,2506,388
8877689391,95,8139,10,3,1243,162
8877689391,111,7619,12,3,3443,203
8877689391,105,8918,12,1,1933,209
8877689391,116,12250,9,0,1505,589
8877689391,96,11455,8,3,2839,320
8877689391,115,10853,2,7,2525,122
8877689391,109,9228,9,5,2020,492
8877689391,105,9673,5,7,3434,384
8877689391,110,11696,5,0,1019,221
8877689391,100,8479,12,6,2849,558
8877689391,87,8041,11,9,2777,238
8877689391,85,9546,11,9,1121,265
8877689391,105,9124,3,9,1707,130
8877689391,100,11928,4,4,2651,226
8877689391,99,12253,7,9,1751,592
8877689391,109,9955,9,9,1965,460
8877689391,101,11943,9,7,1539,389
8877689391,95,9811,9,9,1554,222
8877689391,107,10028,1,1,2098,542
8877689391,108,10901,9,1,1430,476
8877689391,85,9025,9,1,3164,539
8877689391,113,12399,5,4,3707,332
8877689391,101,11273,1,5,2217,326
8877689391,91,10636,4,0,3920,180
8877689391,119,11803,8,4,2924,239
8877689391,103,9209,9,4,3835,416
8877689391,120,10761,9,6,1286,506
8877689391,104,10483,5,6,2890,191
8877689391,86,10201,11,5,1332,260
8877689391,93,10279,8,4,3379,158
8877689391,82,8522,13,5,2555,497
8877689391,112,10594,1,2,1794,321
8877689391,111,7668,8,9,1202,280
8877689391,104,10213,6,10,3229,200
8877689391,117,9310,9,6,2214,173
8877689391,102,7722,10,0,3245,382
8877689391,87,10749,4,0,2602,193
8877689391,84,9021,4,8,3606,204
8877689391,119,7743,7,4,2070,530
8877689391,82,8570,10,10,3687,241
8877689391,102,9123,2,3,3924,520
8877689391,97,10102,6,1,1151,293
8877689391,118,8177,9,5,1868,261
8877689391,104,8701,13,2,2885,428
8877689391,117,7730,10,9,1388,289
8877689391,119,8455,2,4,3515,348
8877689391,110,8516,3,6,3209,574
8877689391,85,12312,12,6,3576,313
8877689391,115,8415,5,0,2083,363
8877689391,88,11367,11,2,2425,394
8877689391,110,9913,8,7,3348,156
8877689391,116,12387,11,4,2867,373
8877689391,106,9496,9,8,2353,378
8877689391,120,9339,9,9,2656,328
8877689391,113,9772,9,3,1878,397
8877689391,111,8895,12,3,3219,465
8877689391,117,7830,3,7,3855,566
8877689391,85,12032,8,4,2173,536
8877689391,105,8545,11,2,3404,422
8877689391,116,9705,7,9,1198,143
8877689391,94,9202,10,4,2949,454
8877689391,101,12305,10,4,2358,187
8877689391,82,11561,2,1,3674,203
8877689391,120,9859,10,1,1692,396
8877689391,82,9353,11,10,2343,396
8877689391,115,11249,10,4,3284,309
8877689391,99,10530,3,9,1427,121
8877689391,96,9688,4,3,2805,385
8877689391,95,9534,2,8,3883,367
8877689391,93,8266,13,6,2784,354
8877689391,112,10430,5,10,3301,464
8877689391,87,10990,6,9,1310,431
8877689391,99,12271,1,1,2358,589
8877689391,86,7833,11,8,2378,457
8877689391,84,11190,10,6,3560,507
8877689391,102,8186,6,8,2297,588
8877689391,108,9909,11,6,1869,418
8877689391,91,8578,10,10,2993,165
8877689391,113,9969,4,2,3234,382
8877689391,95,7894,12,8,1456,188
8877689391,119,10608,13,5,3914,186
8877689391,97,10691,11,8,2999,459
8877689391,89,8836,11,4,2349,348
8877689391,114,10883,4,4,1425,372
8877689391,95,8678,10,5,3763,154
8877689391,90,9508,1,8,3111,495
8877689391,114,9374,9,9,1406,475
8877689391,89,9702,1,8,3584,499
8877689391,102,8533,4,6,2965,492
8877689391,115,11282,5,7,1460,206
8877689391,85,10035,2,8,3110,453
8877689391,90,8599,5,2,3875,318
8877689391,94,9092,3,0,2942,487
8877689391,101,11810,5,9,2407,413
8877689391,109,9099,6,4,1467,491
8877689391,103,9529,2,5,3387,231
8877689391,86,8142,13,10,1581,163
8877689391,110,9567,4,4,2548,570
8877689391,115,10730,9,4,3910,491
8877689391,120,9124,9,1,2764,288
8877689391,101,9056,11,7,3531,398
8877689391,117,12459,2,5,2870,513
8877689391,100,8931,9,0,3919,309
8877689391,84,11555,5,5,3921,423
8877689391,110,10252,8,7,2563,170
8877689391,117,11108,8,8,3048,181
8877689391,113,9172,2,10,1849,154
8877689391,115,11066,7,7,1003,497
8877689391,115,10945,7,9,1831,344
8877689391,86,11847,9,3,1594,186
8877689391,107,10080,12,7,3146,557
8877689391,120,10830,6,6,3168,407
8877689391,92,10111,8,1,3213,501
8877689391,103,9242,3,0,1766,256
8877689391,100,7868,3,7,3058,483
8877689391,119,11461,5,10,3388,179
8877689391,109,8987,4,9,3061,492
8877689391,89,10987,2,10,1062,266
8877689391,112,9098,6,4,1161,270
8877689391,87,8175,13,1,3316,510
8877689391,85,11157,11,8,3755,384
8877689391,102,7518,11,0,2523,145
8877689391,85,7995,4,4,2566,348
8877689391,111,10113,11,9,1067,301
8877689391,101,7995,7,3,2256,361
8877689391,91,9523,10,0,1138,498
8877689391,104,7724,12,3,1593,586
8877689391,90,8785,2,4,2771,547
8877689391,87,11227,3,7,1622,455
8877689391,115,8802,11,10,1288,481
8877689391,111,11008,12,9,2975,495
8877689391,96,9934,3,4,2786,593
8877689391,90,8469,13,0,2945,284
8877689391,103,11616,11,4,3348,136
8877689391,113,8978,8,3,2202,487
8877689391,104,9410,9,0,1644,302
8877689391,92,11860,1,6,3603,156
8877689391,111,8748,3,10,3446,204
8877689391,96,8372,8,2,3599,271
8877689391,87,8737,9,4,3003,483
8877689391,103,9326,6,9,3942,424
8877689391,116,7973,10,5,1775,485
8877689391,95,11097,8,2,1995,573
8877689391,106,10211,3,6,1247,595
8877689391,105,7592,10,3,1566,582
8877689391,107,7546,3,7,3838,266
8877689391,91,11650,6,10,3479,192
8877689391,92,9248,7,5,2819,208
8877689391,109,10787,5,8,2381,409
8877689391,99,8607,11,0,1648,141
8877689391,92,12131,10,6,3697,148
8877689391,87,8667,2,2,2847,282
8877689391,111,8376,6,10,2256,502
8877689391,106,10126,12,10,1090,521
8877689391,84,11380,5,1,2464,495
8877689391,93,10310,8,5,2316,404
8877689391,117,11188,2,3,1827,378
8877689391,119,12097,12,1,2432,276
8877689391,109,9287,5,4,2151,469
8877689391,118,9139,3,9,2685,561
8877689391,113,9534,9,7,1380,371
8877689391,115,11249,2,9,1375,439
8877689391,95,9474,13,9,3250,414
8877689391,113,8524,7,8,3701,514
8877689391,92,7730,8,3,3085,490
8877689391,117,8425,11,2,3007,364
8877689391,117,8361,3,6,3930,184
8877689391,95,7954,2,2,2040,131
8877689391,90,9882,6,5,2972,350
8877689391,86,8156,5,5,3584,500
8877689391,106,11076,7,4,3059,137
8877689391,119,10809,9,10,2409,339
8877689391,82,12450,5,8,1046,391
8877689391,110,8666,11,7,3259,497
8877689391,114,9828,4,9,1184,346
8877689391,114,10136,8,3,3833,509
8877689391,113,9918,4,8,2756,196
8877689391,97,9698,9,7,3603,229
8877689391,90,8089,12,7,3381,293
8877689391,97,9633,4,6,1026,502
8877689391,89,10916,13,3,2702,287
8877689391,97,11107,7,9,1153,553
8877689391,88,9424,13,9,3561,494
8877689391,83,10123,3,10,1034,504
8877689391,101,8223,11,1,2013,257
8877689391,92,12129,6,4,2143,550
8877689391,87,7838,7,1,3933,215
8877689391,104,8882,6,4,3691,138
8877689391,99,12430,2,7,1152,529
8877689391,119,9573,12,9,3122,572
8877689391,103,12314,1,1,1689,517
8877689391,113,10102,1,5,1900,330
8877689391,92,10461,9,5,2144,126
8877689391,99,7990,12,9,1319,414
8877689391,98,11569,9,5,1759,175
8877689391,82,9623,13,3,3343,325
8877689391,117,11746,4,1,3236,163
8877689391,120,11025,11,3,3319,551
8877689391,92,11158,6,3,3563,138
8877689391,92,10825,6,6,2779,386
8877689391,84,11642,11,9,2945,218
8877689391,114,10743,10,1,2931,423
8877689391,92,8737,6,10,2145,409
8877689391,102,11244,11,0,1976,265
8877689391,88,8583,2,8,2123,253
8877689391,102,10727,12,0,2098,391
8877689391,87,9680,11,5,3840,412
8877689391,120,11007,9,6,3017,514
8877689391,107,8517,12,2,1304,161
8877689391,110,9108,4,9,1139,282
8877689391,95,9300,10,6,3759,456
8877689391,111,9709,9,4,2762,258
8877689391,95,12451,6,4,2990,153
8877689391,109,9535,9,1,2766,380
8877689391,114,9548,8,6,1863,245
8877689391,102,7678,6,7,1216,378
8877689391,83,10265,13,7,2809,473